comparison,correlation,equality_fraction,passed,slot_id
exact_remap,,0.7301215277777777,False,u278_pair_primary
car_shape_correlation,0.6751929100150625,,True,u278_pair_primary
exact_remap,,0.6186144406392694,False,u278_pair_secondary
car_shape_correlation,0.34271977174476487,,True,u278_pair_secondary
exact_remap,,0.7510545798898072,False,u278_ordinary_primary
wrong_sign,,0.01680871212121212,True,u278_ordinary_primary
no_shift,,0.018508953168044077,True,u278_ordinary_primary
car_shape_correlation,0.4990365122873917,,True,u278_ordinary_primary
exact_remap,,0.6350292699724518,False,u278_ordinary_secondary
wrong_sign,,0.016571969696969696,True,u278_ordinary_secondary
no_shift,,0.018702651515151516,True,u278_ordinary_secondary
car_shape_correlation,0.6009518886488949,,True,u278_ordinary_secondary
exact_remap,,1.0,True,u278_q0_control
q0_identity,,1.0,True,u278_q0_control
car_shape_correlation,1.0,,True,u278_q0_control
exact_remap,,1.0,True,u271_pair_primary
car_shape_correlation,0.9989812349899271,,True,u271_pair_primary
exact_remap,,1.0,True,u271_pair_secondary
car_shape_correlation,0.9988273927004383,,True,u271_pair_secondary
exact_remap,,1.0,True,u271_ordinary_primary
wrong_sign,,0.01652892561983471,True,u271_ordinary_primary
no_shift,,0.019326790633608815,True,u271_ordinary_primary
car_shape_correlation,0.9992817842624165,,True,u271_ordinary_primary
exact_remap,,1.0,True,u271_ordinary_secondary
wrong_sign,,0.016894800275482093,True,u271_ordinary_secondary
no_shift,,0.018659607438016527,True,u271_ordinary_secondary
car_shape_correlation,0.9997285663179588,,True,u271_ordinary_secondary
exact_remap,,1.0,True,u271_q0_control
q0_identity,,1.0,True,u271_q0_control
car_shape_correlation,1.0000000000000002,,True,u271_q0_control
exact_remap,,1.0,True,u588_pair_primary
car_shape_correlation,0.9992640994298101,,True,u588_pair_primary
exact_remap,,1.0,True,u588_pair_secondary
car_shape_correlation,0.9985915421545095,,True,u588_pair_secondary
exact_remap,,1.0,True,u588_ordinary_primary
wrong_sign,,0.01913309228650138,True,u588_ordinary_primary
no_shift,,0.01893939393939394,True,u588_ordinary_primary
car_shape_correlation,0.999508848686448,,True,u588_ordinary_primary
exact_remap,,1.0,True,u588_ordinary_secondary
wrong_sign,,0.01706697658402204,True,u588_ordinary_secondary
no_shift,,0.01909004820936639,True,u588_ordinary_secondary
car_shape_correlation,0.9992203116337031,,True,u588_ordinary_secondary
exact_remap,,1.0,True,u588_q0_control
q0_identity,,1.0,True,u588_q0_control
car_shape_correlation,1.0,,True,u588_q0_control
exact_remap,,1.0,True,u445_pair_primary
car_shape_correlation,0.9979687533152376,,True,u445_pair_primary
exact_remap,,1.0,True,u445_pair_secondary
car_shape_correlation,0.9994245652034919,,True,u445_pair_secondary
exact_remap,,1.0,True,u445_ordinary_primary
wrong_sign,,0.01680871212121212,True,u445_ordinary_primary
no_shift,,0.017863292011019282,True,u445_ordinary_primary
car_shape_correlation,0.9995845683817003,,True,u445_ordinary_primary
exact_remap,,1.0,True,u445_ordinary_secondary
wrong_sign,,0.017734159779614324,True,u445_ordinary_secondary
no_shift,,0.019176136363636364,True,u445_ordinary_secondary
car_shape_correlation,0.9994277729928046,,True,u445_ordinary_secondary
exact_remap,,1.0,True,u445_q0_control
q0_identity,,1.0,True,u445_q0_control
car_shape_correlation,1.0,,True,u445_q0_control
