anchor_channel,local_max_ptp_snr,local_median_ptp_snr,peak_channel,peak_distance_um,representation,role,slot_id,stage,state_um,unit_id
84,54.229057061918255,36.00094428706327,103,180.709716796875,original,short_pair,u278_pair_primary,raw_counts,-200,278
84,54.229057061918255,36.00094428706327,103,180.709716796875,original,short_pair,u278_pair_primary,temporal_centered,-200,278
84,9.882253184559941,5.488029444480972,251,1660.0771484375,original,short_pair,u278_pair_primary,car_centered,-200,278
104,54.76864966949953,37.554681929428995,87,180.709716796875,corrected_A,short_pair,u278_pair_primary,raw_counts,-200,278
104,54.76864966949953,37.554681929428995,87,180.709716796875,corrected_A,short_pair,u278_pair_primary,temporal_centered,-200,278
104,16.500149591175308,5.220959514697141,0,1040.0,corrected_A,short_pair,u278_pair_primary,car_centered,-200,278
96,15.513287467961689,8.161338189666802,147,500.25592041015625,original,short_pair,u278_pair_secondary,raw_counts,-80,278
96,15.513287467961698,8.161338189666802,147,500.25592041015625,original,short_pair,u278_pair_secondary,temporal_centered,-80,278
96,10.830923262692783,5.230831220945364,266,1700.0753173828125,original,short_pair,u278_pair_secondary,car_centered,-80,278
104,16.187778227438283,8.36368541750978,274,1700.0753173828125,corrected_A,short_pair,u278_pair_secondary,raw_counts,-80,278
104,16.187778227438283,8.36368541750978,274,1700.0753173828125,corrected_A,short_pair,u278_pair_secondary,temporal_centered,-80,278
104,9.870576647723196,6.860155309098509,13,920.5563354492188,corrected_A,short_pair,u278_pair_secondary,car_centered,-80,278
84,32.8252169611943,28.665857277755297,269,1840.2781982421875,original,ordinary_event,u278_ordinary_primary,raw_counts,-200,278
84,32.8252169611943,28.665857277755297,269,1840.2781982421875,original,ordinary_event,u278_ordinary_primary,temporal_centered,-200,278
84,6.805037793044369,5.639483622040176,252,1680.0,original,ordinary_event,u278_ordinary_primary,car_centered,-200,278
104,46.53986240388507,30.621880480237422,39,660.1939086914062,corrected_A,ordinary_event,u278_ordinary_primary,raw_counts,-200,278
104,46.53986240388507,30.621880480237422,39,660.1939086914062,corrected_A,ordinary_event,u278_ordinary_primary,temporal_centered,-200,278
104,12.106617733508662,5.919349371661769,18,860.1488037109375,corrected_A,ordinary_event,u278_ordinary_primary,car_centered,-200,278
96,25.38537949302822,17.774815308559685,316,2200.0,original,ordinary_event,u278_ordinary_secondary,raw_counts,-80,278
96,25.385379493028225,17.774815308559685,316,2200.0,original,ordinary_event,u278_ordinary_secondary,temporal_centered,-80,278
96,8.245102381330405,5.0571477625301995,252,1560.0,original,ordinary_event,u278_ordinary_secondary,car_centered,-80,278
104,21.10192518933919,17.060648622055055,10,940.1361694335938,corrected_A,ordinary_event,u278_ordinary_secondary,raw_counts,-80,278
104,21.101925189339198,17.06064862205505,10,940.1361694335938,corrected_A,ordinary_event,u278_ordinary_secondary,temporal_centered,-80,278
104,10.856776395853203,4.846556596937744,259,1540.0831298828125,corrected_A,ordinary_event,u278_ordinary_secondary,car_centered,-80,278
104,38.820690378764034,26.927746474488686,286,1820.0703125,original,q0_identity_control,u278_q0_control,raw_counts,0,278
104,38.820690378764034,26.927746474488686,286,1820.0703125,original,q0_identity_control,u278_q0_control,temporal_centered,0,278
104,104.49917798692994,6.23281662519049,95,101.27191162109375,original,q0_identity_control,u278_q0_control,car_centered,0,278
104,38.820690378764034,26.927746474488686,286,1820.0703125,corrected_A,q0_identity_control,u278_q0_control,raw_counts,0,278
104,38.820690378764034,26.927746474488686,286,1820.0703125,corrected_A,q0_identity_control,u278_q0_control,temporal_centered,0,278
104,104.49917798692994,6.23281662519049,95,101.27191162109375,corrected_A,q0_identity_control,u278_q0_control,car_centered,0,278
84,23.791128606992633,19.089570890461218,6,780.1640625,original,short_pair,u271_pair_primary,raw_counts,-160,271
84,23.791128606992633,19.089570890461218,6,780.1640625,original,short_pair,u271_pair_primary,temporal_centered,-160,271
84,8.36402098505181,5.3966543182165765,251,1660.0771484375,original,short_pair,u271_pair_primary,car_centered,-160,271
100,23.791128606992633,19.089570890461218,22,780.1640625,corrected_A,short_pair,u271_pair_primary,raw_counts,-160,271
100,23.791128606992633,19.089570890461218,22,780.1640625,corrected_A,short_pair,u271_pair_primary,temporal_centered,-160,271
100,9.166109478647966,5.503435083051141,267,1660.0771484375,corrected_A,short_pair,u271_pair_primary,car_centered,-160,271
76,37.50168622689869,28.07783969257057,107,300.4263610839844,original,short_pair,u271_pair_secondary,raw_counts,-240,271
76,37.501686226898684,28.07783969257057,107,300.4263610839844,original,short_pair,u271_pair_secondary,temporal_centered,-240,271
76,46.230998092087596,6.503549362464133,62,140.91131591796875,original,short_pair,u271_pair_secondary,car_centered,-240,271
100,37.50168622689869,28.07783969257057,131,300.4263610839844,corrected_A,short_pair,u271_pair_secondary,raw_counts,-240,271
100,37.501686226898684,28.07783969257057,131,300.4263610839844,corrected_A,short_pair,u271_pair_secondary,temporal_centered,-240,271
100,46.97235115019242,6.394301002921234,86,140.91131591796875,corrected_A,short_pair,u271_pair_secondary,car_centered,-240,271
84,20.993524888709025,17.605786578501654,220,1360.0,original,ordinary_event,u271_ordinary_primary,raw_counts,-160,271
84,20.993524888709025,17.605786578501654,220,1360.0,original,ordinary_event,u271_ordinary_primary,temporal_centered,-160,271
84,10.823345883585526,4.998711432649016,62,220.5810546875,original,ordinary_event,u271_ordinary_primary,car_centered,-160,271
100,20.993524888709025,17.605786578501654,236,1360.0,corrected_A,ordinary_event,u271_ordinary_primary,raw_counts,-160,271
100,20.993524888709025,17.605786578501654,236,1360.0,corrected_A,ordinary_event,u271_ordinary_primary,temporal_centered,-160,271
100,10.556075107114356,4.897624407028167,78,220.5810546875,corrected_A,ordinary_event,u271_ordinary_primary,car_centered,-160,271
76,61.60348936552903,38.07125620156782,130,540.2369995117188,original,ordinary_event,u271_ordinary_secondary,raw_counts,-240,271
76,61.60348936552903,38.07125620156782,130,540.2369995117188,original,ordinary_event,u271_ordinary_secondary,temporal_centered,-240,271
76,86.41443416234108,6.495500040190949,104,280.0,original,ordinary_event,u271_ordinary_secondary,car_centered,-240,271
100,61.60348936552903,38.07125620156782,154,540.2369995117188,corrected_A,ordinary_event,u271_ordinary_secondary,raw_counts,-240,271
100,61.60348936552903,38.07125620156782,154,540.2369995117188,corrected_A,ordinary_event,u271_ordinary_secondary,temporal_centered,-240,271
100,75.62398111065806,6.300613571465444,128,280.0,corrected_A,ordinary_event,u271_ordinary_secondary,car_centered,-240,271
100,47.55159854309996,31.39447898654698,53,481.06549072265625,original,q0_identity_control,u271_q0_control,raw_counts,0,271
100,47.55159854309996,31.394478986546982,53,481.06549072265625,original,q0_identity_control,u271_q0_control,temporal_centered,0,271
100,112.54097709935549,70.15144969760964,124,240.0,original,q0_identity_control,u271_q0_control,car_centered,0,271
100,47.55159854309996,31.39447898654698,53,481.06549072265625,corrected_A,q0_identity_control,u271_q0_control,raw_counts,0,271
100,47.55159854309996,31.394478986546982,53,481.06549072265625,corrected_A,q0_identity_control,u271_q0_control,temporal_centered,0,271
100,112.54097709935549,70.15144969760964,124,240.0,corrected_A,q0_identity_control,u271_q0_control,car_centered,0,271
252,35.07351949278295,26.228492942373965,90,1620.0789794921875,original,short_pair,u588_pair_primary,raw_counts,-120,588
252,35.07351949278295,26.228492942373965,90,1620.0789794921875,original,short_pair,u588_pair_primary,temporal_centered,-120,588
252,26.021986289754828,6.752651014384171,316,640.0,original,short_pair,u588_pair_primary,car_centered,-120,588
264,35.07351949278295,26.228492942373965,102,1620.0789794921875,corrected_A,short_pair,u588_pair_primary,raw_counts,-120,588
264,35.07351949278295,26.228492942373965,102,1620.0789794921875,corrected_A,short_pair,u588_pair_primary,temporal_centered,-120,588
264,25.64764633629445,6.6521795736982625,0,2640.0,corrected_A,short_pair,u588_pair_primary,car_centered,-120,588
248,28.834479967624446,14.625799626545117,248,0.0,original,short_pair,u588_pair_secondary,raw_counts,-160,588
248,28.834479967624446,14.625799626545117,248,0.0,original,short_pair,u588_pair_secondary,temporal_centered,-160,588
248,18.287363283128602,6.486425375490646,30,2180.05859375,original,short_pair,u588_pair_secondary,car_centered,-160,588
264,28.834479967624446,14.625799626545117,264,0.0,corrected_A,short_pair,u588_pair_secondary,raw_counts,-160,588
264,28.834479967624446,14.625799626545117,264,0.0,corrected_A,short_pair,u588_pair_secondary,temporal_centered,-160,588
264,18.543233900957976,6.4216461094259,46,2180.05859375,corrected_A,short_pair,u588_pair_secondary,car_centered,-160,588
252,13.38604738038166,10.007331732446513,101,1520.3367919921875,original,ordinary_event,u588_ordinary_primary,raw_counts,-120,588
252,13.38604738038166,10.007331732446513,101,1520.3367919921875,original,ordinary_event,u588_ordinary_primary,temporal_centered,-120,588
252,10.328796625642045,4.663261313998713,337,840.6093139648438,original,ordinary_event,u588_ordinary_primary,car_centered,-120,588
264,13.38604738038166,10.007331732446513,113,1520.3367919921875,corrected_A,ordinary_event,u588_ordinary_primary,raw_counts,-120,588
264,13.38604738038166,10.007331732446513,113,1520.3367919921875,corrected_A,ordinary_event,u588_ordinary_primary,temporal_centered,-120,588
264,10.338454854396563,4.691614659297711,349,840.6093139648438,corrected_A,ordinary_event,u588_ordinary_primary,car_centered,-120,588
248,47.985199745620626,31.22892216376636,383,1340.095458984375,original,ordinary_event,u588_ordinary_secondary,raw_counts,-160,588
248,47.985199745620626,31.22892216376636,383,1340.095458984375,original,ordinary_event,u588_ordinary_secondary,temporal_centered,-160,588
248,26.910905732015646,7.122727343876713,10,2380.0537109375,original,ordinary_event,u588_ordinary_secondary,car_centered,-160,588
264,47.985199745620626,31.22892216376636,65,2000.2559814453125,corrected_A,ordinary_event,u588_ordinary_secondary,raw_counts,-160,588
264,47.985199745620626,31.22892216376636,65,2000.2559814453125,corrected_A,ordinary_event,u588_ordinary_secondary,temporal_centered,-160,588
264,27.12290369931187,7.089299347215782,0,2640.0,corrected_A,ordinary_event,u588_ordinary_secondary,car_centered,-160,588
264,5.395926075812762,2.248746860152206,246,180.709716796875,original,q0_identity_control,u588_q0_control,raw_counts,0,588
264,5.395926075812762,2.248746860152206,246,180.709716796875,original,q0_identity_control,u588_q0_control,temporal_centered,0,588
264,12.315814682086968,4.343738135076784,217,481.06549072265625,original,q0_identity_control,u588_q0_control,car_centered,0,588
264,5.395926075812762,2.248746860152206,246,180.709716796875,corrected_A,q0_identity_control,u588_q0_control,raw_counts,0,588
264,5.395926075812762,2.248746860152206,246,180.709716796875,corrected_A,q0_identity_control,u588_q0_control,temporal_centered,0,588
264,12.315814682086968,4.343738135076784,217,481.06549072265625,corrected_A,q0_identity_control,u588_q0_control,car_centered,0,588
171,25.38537949302822,20.638676041347026,144,260.4918518066406,original,short_pair,u445_pair_primary,raw_counts,-200,445
171,25.38537949302822,20.638676041347026,144,260.4918518066406,original,short_pair,u445_pair_primary,temporal_centered,-200,445
171,6.023990847948763,4.602499074965046,274,1040.4921875,original,short_pair,u445_pair_primary,car_centered,-200,445
191,25.38537949302822,20.638676041347026,164,260.4918518066406,corrected_A,short_pair,u445_pair_primary,raw_counts,-200,445
191,25.38537949302822,20.638676041347026,164,260.4918518066406,corrected_A,short_pair,u445_pair_primary,temporal_centered,-200,445
191,5.898790687839843,4.512630269985822,294,1040.4921875,corrected_A,short_pair,u445_pair_primary,car_centered,-200,445
179,0.7731967242780481,0.6399952724688076,285,1060.1207275390625,original,short_pair,u445_pair_secondary,raw_counts,-120,445
179,0.7731967242780481,0.6399952724688076,285,1060.1207275390625,original,short_pair,u445_pair_secondary,temporal_centered,-120,445
179,6.543626755475496,4.8270173641815415,285,1060.1207275390625,original,short_pair,u445_pair_secondary,car_centered,-120,445
191,0.7731967242780481,0.6399952724688076,297,1060.1207275390625,corrected_A,short_pair,u445_pair_secondary,raw_counts,-120,445
191,0.7731967242780481,0.6399952724688076,297,1060.1207275390625,corrected_A,short_pair,u445_pair_secondary,temporal_centered,-120,445
191,6.319920198844196,4.7614668183899695,297,1060.1207275390625,corrected_A,short_pair,u445_pair_secondary,car_centered,-120,445
171,2.6136516929718066,1.7138638401096873,277,1060.1207275390625,original,ordinary_event,u445_ordinary_primary,raw_counts,-200,445
171,2.6136516929718066,1.7138638401096873,277,1060.1207275390625,original,ordinary_event,u445_ordinary_primary,temporal_centered,-200,445
171,7.696964641799537,5.06224317936703,329,1580.0810546875,original,ordinary_event,u445_ordinary_primary,car_centered,-200,445
191,2.6136516929718066,1.7138638401096873,297,1060.1207275390625,corrected_A,ordinary_event,u445_ordinary_primary,raw_counts,-200,445
191,2.6136516929718066,1.7138638401096873,297,1060.1207275390625,corrected_A,ordinary_event,u445_ordinary_primary,temporal_centered,-200,445
191,7.91695747971151,5.098804717111461,345,1540.0831298828125,corrected_A,ordinary_event,u445_ordinary_primary,car_centered,-200,445
179,16.08401041828804,12.10115774355068,38,1400.36572265625,original,ordinary_event,u445_ordinary_secondary,raw_counts,-120,445
179,16.08401041828804,12.10115774355068,38,1400.36572265625,original,ordinary_event,u445_ordinary_secondary,temporal_centered,-120,445
179,6.837503869549586,5.039327990326071,6,1720.297607421875,original,ordinary_event,u445_ordinary_secondary,car_centered,-120,445
191,16.08401041828804,12.10115774355068,50,1400.36572265625,corrected_A,ordinary_event,u445_ordinary_secondary,raw_counts,-120,445
191,16.08401041828804,12.10115774355068,50,1400.36572265625,corrected_A,ordinary_event,u445_ordinary_secondary,temporal_centered,-120,445
191,7.230990261701391,5.070990247465803,336,1460.087646484375,corrected_A,ordinary_event,u445_ordinary_secondary,car_centered,-120,445
191,3.046087300862043,2.800164473079325,252,620.2064208984375,original,q0_identity_control,u445_q0_control,raw_counts,0,445
191,3.046087300862043,2.800164473079325,252,620.2064208984375,original,q0_identity_control,u445_q0_control,temporal_centered,0,445
191,84.80056127430832,5.032603571293625,104,860.1488037109375,original,q0_identity_control,u445_q0_control,car_centered,0,445
191,3.046087300862043,2.800164473079325,252,620.2064208984375,corrected_A,q0_identity_control,u445_q0_control,raw_counts,0,445
191,3.046087300862043,2.800164473079325,252,620.2064208984375,corrected_A,q0_identity_control,u445_q0_control,temporal_centered,0,445
191,84.80056127430832,5.032603571293625,104,860.1488037109375,corrected_A,q0_identity_control,u445_q0_control,car_centered,0,445
