sort_id,cluster_id,n_cached_windows,n_valid_dev_pairs,n_stable_pairs,n_failing_pairs,status,start_s,end_s,span_s,reference_end_s,failing_start_s,reference_missing_pct,failing_missing_pct,difference_pp,intervening_windows,dev_interval_index,source_rows,nominal_samples_in_four_fits,historical_samples_in_four_fits,fitted_window_duration_s,KSLabel,ContamPct,source_voltage_exists,template_file_exists
rescue_luke0804_v2v1_g0_imec0,91,38,19.0,5.0,2.0,qualifying_transition,6542.269534723258,8349.025812665532,1806.7562779422733,6721.417114163302,8067.7596749203985,2.335473166111857,37.17643757502382,34.84096440891196,8.0,5.0,"[3388, 3389, 3398, 3399]",4000.0,3996.0,460.3708836176638,good,0.6,True,True
rescue_luke0804_v2v1_g0_imec0,553,19,14.0,7.0,3.0,qualifying_transition,5802.133888235484,6360.328406676924,558.1945184414399,5954.244219856822,5954.280520055284,2.7631390671189315,34.336835195044266,31.573696127925334,0.0,5.0,"[16816, 16817, 16818, 16819]",4000.0,3996.0,558.0476843053311,good,0.7,True,True
rescue_luke0804_v2v1_g0_imec0,452,52,26.0,15.0,3.0,qualifying_transition,3869.575789173073,4198.764755589737,329.18896641666424,3992.419594121072,3992.434360868472,2.1533527772648506,21.189051517259443,19.035698739994594,0.0,3.0,"[11220, 11221, 11222, 11223]",4000.0,3996.0,328.4024954501833,good,1.3,True,True
rescue_luke0804_v2v1_g0_imec0,36,69,22.0,5.0,4.0,qualifying_transition,4085.566570043172,4365.883169263631,280.31659922045947,4217.20982309973,4217.2482233096725,3.0265270307059122,16.429577351056807,13.403050320350895,0.0,3.0,"[1449, 1450, 1451, 1452]",4000.0,3996.0,280.2254653888767,good,1.6,True,True
legacy_luke0804_v2v1_g0_imec0,550,1098,710.0,116.0,26.0,qualifying_transition,7028.858561681397,7283.372519833023,254.51395815162596,7044.689581566471,7250.003504063788,4.113725090028349,34.94443955706852,30.83071446704017,24.0,5.0,"[30316, 30317, 30342, 30343]",4000.0,3996.0,49.17810220106094,good,2.1,False,True
rescue_luke0804_v2v1_g0_imec0,21,27,13.0,4.0,4.0,qualifying_transition,6656.5524262001545,6949.296826699527,292.7444004993722,6795.794054132068,6795.79975416323,1.0545488097196576,20.570035278688852,19.515486468969193,0.0,5.0,"[1034, 1035, 1036, 1037]",4000.0,3996.0,292.6020997213818,good,8.4,True,True
legacy_luke0804_v2v1_g0_imec0,406,55,26.0,13.0,7.0,qualifying_transition,6610.550074694969,7567.862141868335,957.3120671733659,6834.537065948813,7210.733922701502,0.928267225439175,16.866662914295496,15.938395688856321,3.0,5.0,"[18359, 18360, 18364, 18365]",4000.0,3996.0,581.0794435584648,good,10.6,False,True
rescue_luke0804_v2v1_g0_imec0,472,72,27.0,8.0,3.0,qualifying_transition,3755.328231222687,4249.285998467383,493.95776724469624,3983.249110650647,4049.2315047245447,3.025091408200405,28.34116083427852,25.316069426078116,1.0,3.0,"[12633, 12634, 12636, 12637]",4000.0,3996.0,427.59300441363666,good,11.3,True,True
rescue_luke0804_v2v1_g0_imec0,652,35,11.0,5.0,1.0,qualifying_transition,3916.901881248779,4307.955252558703,391.0533713099244,4045.5067510271465,4159.118238833328,1.1206352207969155,21.46772200968448,20.347086788887562,2.0,3.0,"[21325, 21326, 21329, 21330]",4000.0,3996.0,277.2548158143354,good,11.8,True,True
legacy_luke0804_v2v1_g0_imec0,424,52,13.0,2.0,1.0,qualifying_transition,5934.947714358495,6377.845135778149,442.89742141965326,6097.398535846946,6097.42766933956,3.0631628941849645,32.65976369894119,29.59660080475623,0.0,5.0,"[19735, 19736, 19737, 19738]",4000.0,3996.0,442.8422211178595,good,13.2,False,True
legacy_luke0804_v2v1_g0_imec0,356,64,26.0,3.0,3.0,qualifying_transition,6701.743106601085,7189.253471929721,487.510365328636,6845.804760885164,6937.301694452779,2.3993848271126783,21.670553675719187,19.271168848606507,1.0,5.0,"[14328, 14329, 14331, 14332]",4000.0,3996.0,395.73926359541474,good,16.4,False,True
legacy_luke0804_v2v1_g0_imec0,392,89,45.0,18.0,1.0,qualifying_transition,5860.516940762075,8608.270496681098,2747.753555919023,6019.748144648155,8270.609917281556,3.5832218925986323,16.709799221713197,13.126577329114564,15.0,5.0,"[17968, 17969, 17985, 17986]",4000.0,3996.0,496.8403163375742,mua,22.6,False,True
legacy_luke0804_v2v1_g0_imec0,324,95,54.0,14.0,14.0,qualifying_transition,6472.033450726816,6801.055216229355,329.021765502539,6651.161730061342,6651.219863712505,4.1511919821518966,25.616451894520118,21.46525991236822,0.0,5.0,"[11786, 11787, 11788, 11789]",4000.0,3996.0,328.9290316622082,mua,26.9,False,True
legacy_luke0804_v2v1_g0_imec0,2,137,64.0,17.0,7.0,qualifying_transition,7091.4836374000815,7371.915203915759,280.43156651567733,7191.659518417451,7264.359215883021,0.4234834652467635,36.611534064151186,36.188050598904425,2.0,5.0,"[128, 129, 132, 133]",4000.0,3996.0,207.69250216821365,mua,27.3,False,True
rescue_luke0804_v2v1_g0_imec0,696,139,72.0,29.0,16.0,qualifying_transition,7196.308910503388,7476.372175005476,280.0632645020878,7249.402834113124,7313.617151853885,0.4183936260768185,29.921460688515346,29.50306706243853,2.0,5.0,"[25966, 25967, 25970, 25971]",4000.0,3996.0,215.50791156347714,mua,28.6,True,True
legacy_luke0804_v2v1_g0_imec0,514,155,70.0,11.0,18.0,qualifying_transition,6488.996010131604,7138.406093935688,649.410083804084,6648.445315210091,7012.854007514239,1.5923434302560326,16.94812551282639,15.355782082570357,5.0,5.0,"[27335, 27336, 27342, 27343]",4000.0,3996.0,284.9821247279342,mua,32.1,False,True
rescue_luke0804_v2v1_g0_imec0,545,117,56.0,28.0,2.0,qualifying_transition,7196.433311183515,7378.068870892572,181.6355597090569,7268.055469424603,7268.065869481462,0.6939439496005224,28.811669776990442,28.11772582738992,0.0,5.0,"[16275, 16276, 16277, 16278]",4000.0,3996.0,181.31329128047764,mua,34.6,True,True
legacy_luke0804_v2v1_g0_imec0,533,138,78.0,17.0,30.0,qualifying_transition,5828.493299014968,6028.505625860605,200.01232684563638,5908.007800405268,5962.2792304526965,3.5932060623207995,16.140965374519766,12.547759312198966,3.0,5.0,"[29182, 29183, 29187, 29188]",4000.0,3996.0,145.65122964131115,mua,35.1,False,True
rescue_luke0804_v2v1_g0_imec0,684,140,94.0,12.0,43.0,qualifying_transition,7217.192358011218,7409.560876399771,192.36851838855273,7261.610567522211,7261.618767567042,3.762549201347482,36.76243657507958,32.9998873737321,0.0,5.0,"[24502, 24503, 24504, 24505]",4000.0,3996.0,192.29155130108938,mua,36.6,True,True
rescue_luke0804_v2v1_g0_imec0,657,149,84.0,62.0,2.0,qualifying_transition,7178.952282277471,7410.057079112622,231.10479683515132,7252.581018155636,7252.586751520315,1.3018787011272959,21.579537538082107,20.27765883695481,0.0,5.0,"[22117, 22118, 22119, 22120]",4000.0,3996.0,230.52002697141597,mua,37.1,True,True
rescue_luke0804_v2v1_g0_imec0,673,101,51.0,26.0,3.0,qualifying_transition,6605.264279129671,6745.8993146796565,140.63503554998533,6683.85860882252,6683.864775522901,0.3082857677918254,33.744649390799786,33.43636362300796,0.0,5.0,"[23426, 23427, 23428, 23429]",4000.0,3996.0,140.61150208798972,mua,37.5,True,True
rescue_luke0804_v2v1_g0_imec0,694,189,80.0,29.0,8.0,qualifying_transition,5848.216640180237,5957.200802687792,108.98416250755508,5907.778765819752,5907.7840658487285,0.18146566376979623,16.399562671025585,16.21809700725579,0.0,5.0,"[25636, 25637, 25638, 25639]",4000.0,3996.0,108.95929570493718,mua,37.6,True,True
rescue_luke0804_v2v1_g0_imec0,660,225,77.0,20.0,9.0,qualifying_transition,6278.7091604461775,6403.553876333605,124.84471588742781,6337.19548020402,6337.220513674217,1.8626816755432434,27.021412659926916,25.158730984383674,0.0,5.0,"[22585, 22586, 22587, 22588]",4000.0,3996.0,124.75271538444031,mua,38.1,True,True
rescue_luke0804_v2v1_g0_imec0,537,84,7.0,2.0,3.0,qualifying_transition,5802.060387833641,5997.230188204097,195.16980037045687,5885.963046548316,5926.54960177746,4.292408844722907,18.90820821654861,14.615799371825702,1.0,5.0,"[15813, 15814, 15816, 15817]",4000.0,3996.0,154.5413115787187,mua,38.2,True,True
rescue_luke0804_v2v1_g0_imec0,674,140,35.0,8.0,10.0,qualifying_transition,7232.259473719856,7987.003766743049,754.7442930231928,7270.732150725287,7790.0293898398995,1.93013807583748,31.520979184698394,29.590841108860914,5.0,5.0,"[23567, 23568, 23574, 23575]",4000.0,3996.0,235.41522040120617,mua,38.8,True,True
legacy_luke0804_v2v1_g0_imec0,423,54,28.0,20.0,2.0,qualifying_transition,6827.261326170709,7306.408912444821,479.14758627411175,7069.836685718003,7069.9889198836345,0.5053016876784354,39.84551503795867,39.34021335028024,0.0,5.0,"[19685, 19686, 19687, 19688]",4000.0,3996.0,478.8132511128915,mua,39.7,False,True
legacy_luke0804_v2v1_g0_imec0,411,137,30.0,19.0,6.0,qualifying_transition,5929.16054938543,6447.460649715128,518.3001003296977,5983.20981155155,6329.73417274471,3.638574008686728,23.189386806890546,19.55081279820382,7.0,5.0,"[18776, 18777, 18785, 18786]",4000.0,3996.0,171.73860560018784,mua,40.9,False,True
legacy_luke0804_v2v1_g0_imec0,3,78,27.0,2.0,9.0,qualifying_transition,6457.145102662207,6928.097544131622,470.95244146941513,6641.588244387613,6812.23181066764,0.05800621645660365,45.07193494636513,45.01392872990853,3.0,5.0,"[224, 225, 229, 230]",4000.0,3996.0,300.23880813965025,mua,42.6,False,True
rescue_luke0804_v2v1_g0_imec0,644,254,70.0,8.0,24.0,qualifying_transition,6740.196283499904,6941.117615315275,200.92133181537065,6792.281868263492,6867.031610270449,1.8338391229378566,37.246059448582,35.41222032564414,3.0,5.0,"[20568, 20569, 20573, 20574]",4000.0,3996.0,126.14542299868663,mua,42.8,True,True
legacy_luke0804_v2v1_g0_imec0,500,259,58.0,4.0,26.0,qualifying_transition,5238.497773376948,5370.578895494101,132.08112211715252,5292.04146611234,5313.760884857278,1.5556013812201137,36.1168033381173,34.561201956897186,1.0,4.0,"[24780, 24781, 24783, 24784]",4000.0,3996.0,110.33976991896634,mua,44.9,False,True
rescue_luke0804_v2v1_g0_imec0,66,81,32.0,10.0,2.0,qualifying_transition,7663.196363081929,8000.5906076920255,337.3942446100964,7808.706825286967,7808.708858631417,3.4792098646627156,18.157618016897636,14.67840815223492,0.0,5.0,"[2612, 2613, 2614, 2615]",4000.0,3996.0,337.38087787035147,mua,45.2,True,True
legacy_luke0804_v2v1_g0_imec0,40,113,65.0,34.0,2.0,qualifying_transition,7161.56758723144,7403.639377358939,242.0717901274993,7228.599920378923,7274.088535742065,0.40795931091852317,34.27992314870484,33.87196383778632,1.0,5.0,"[3111, 3112, 3114, 3115]",4000.0,3996.0,196.1017387989068,mua,48.9,False,True
rescue_luke0804_v2v1_g0_imec0,629,175,18.0,3.0,2.0,qualifying_transition,5932.175165867016,6802.229455982521,870.054290115505,5964.771177410064,6740.286650660629,0.6478058060545875,31.11832656315398,30.47052075709939,21.0,5.0,"[19169, 19170, 19192, 19193]",4000.0,3996.0,94.52881681026884,mua,50.0,True,True
rescue_luke0804_v2v1_g0_imec0,659,229,70.0,21.0,19.0,qualifying_transition,6965.71581646583,7217.148191103081,251.4323746372511,7066.887536261007,7172.802481988465,2.1096343966112086,42.031464857815436,39.92183046120423,4.0,5.0,"[22350, 22351, 22356, 22357]",4000.0,3996.0,145.49699546474403,mua,52.0,True,True
rescue_luke0804_v2v1_g0_imec0,624,51,13.0,3.0,2.0,qualifying_transition,1652.7873028259792,1912.5435229715624,259.75622014558326,1755.4800309368495,1755.6637986082155,4.004144941993805,21.723924468212417,17.719779526218613,0.0,1.0,"[18612, 18613, 18614, 18615]",4000.0,3996.0,259.52341887280613,mua,52.5,True,True
legacy_luke0804_v2v1_g0_imec0,513,366,89.0,9.0,36.0,qualifying_transition,6806.02004337318,6872.760474924772,66.74043155159234,6833.304725878,6833.308125896588,3.7781041008695806,23.842773726238843,20.064669625369262,0.0,5.0,"[27149, 27150, 27151, 27152]",4000.0,3996.0,66.69253128971195,mua,52.9,False,True
rescue_luke0804_v2v1_g0_imec0,655,192,29.0,3.0,10.0,qualifying_transition,3805.2555041862993,4004.126291457549,198.8707872712498,3919.8337972782224,3919.882064208775,0.014652355384079151,18.53993336822905,18.52528101284497,0.0,3.0,"[21590, 21591, 21592, 21593]",4000.0,3996.0,198.76652003453137,mua,53.2,True,True
legacy_luke0804_v2v1_g0_imec0,391,149,57.0,14.0,23.0,qualifying_transition,7139.37349922471,7414.806671746378,275.433172521668,7239.912515560754,7285.267396859408,0.208941616658372,32.82975828974088,32.62081667308251,1.0,5.0,"[17851, 17852, 17854, 17855]",4000.0,3996.0,230.01859089661957,mua,54.3,False,True
rescue_luke0804_v2v1_g0_imec0,678,118,57.0,8.0,34.0,qualifying_transition,6540.856126995841,6794.78171526405,253.92558826820914,6653.236308070192,6730.955899647318,0.7568358811319873,18.706878252332313,17.950042371200325,2.0,5.0,"[23899, 23900, 23903, 23904]",4000.0,3996.0,176.1702298288701,mua,54.6,True,True
legacy_luke0804_v2v1_g0_imec0,311,126,37.0,8.0,6.0,qualifying_transition,7561.993409782659,7881.899892116565,319.90648233390584,7695.199004714223,7752.301683574058,0.7120243325369895,41.99988373358564,41.28785940104865,1.0,5.0,"[11045, 11046, 11048, 11049]",4000.0,3996.0,262.75720321929657,mua,57.8,False,True
rescue_luke0804_v2v1_g0_imec0,692,236,75.0,13.0,28.0,qualifying_transition,7126.348928016455,7648.182747665789,521.8338196493341,7219.405470110799,7553.122994619441,0.33805266375951426,27.275029950078274,26.936977286318758,9.0,5.0,"[25181, 25182, 25192, 25193]",4000.0,3996.0,187.74932646772504,mua,58.0,True,True
rescue_luke0804_v2v1_g0_imec0,681,115,57.0,13.0,16.0,qualifying_transition,6667.558753040881,6738.599574770339,71.040821729458,6694.434399976078,6710.110785682399,2.419948267184838,33.31531880414096,30.89537053695612,1.0,5.0,"[24264, 24265, 24267, 24268]",4000.0,3996.0,55.356069310726525,mua,58.9,True,True
rescue_luke0804_v2v1_g0_imec0,650,458,113.0,6.0,67.0,qualifying_transition,3869.6306894732256,3950.405264419298,80.77457494607233,3911.787053284866,3911.808220067256,0.16087482568182065,32.507096340849,32.34622151516718,0.0,3.0,"[20979, 20980, 20981, 20982]",4000.0,3996.0,80.72130798818444,mua,59.2,True,True
rescue_luke0804_v2v1_g0_imec0,637,273,81.0,8.0,12.0,qualifying_transition,5428.331077904917,5572.185297721572,143.85421981665513,5488.4982735191525,5488.527307011218,4.177323987757641,31.74171947806984,27.564395490312197,0.0,4.0,"[19761, 19762, 19763, 19764]",4000.0,3996.0,143.76368598835415,mua,59.2,True,True
legacy_luke0804_v2v1_g0_imec0,408,177,60.0,5.0,15.0,qualifying_transition,6727.733648697214,6995.259244653053,267.525595955839,6841.236469242622,6841.237869250275,2.3594944021424418,21.864875106392635,19.505380704250193,0.0,5.0,"[18646, 18647, 18648, 18649]",4000.0,3996.0,267.4922291067487,mua,59.6,False,True
rescue_luke0804_v2v1_g0_imec0,675,238,79.0,22.0,16.0,qualifying_transition,3999.108664025053,4070.228252851815,71.11958882676208,4037.622341254641,4037.641308025004,3.9196322007234663,15.41221243275605,11.492580232032584,0.0,3.0,"[23687, 23688, 23689, 23690]",4000.0,3996.0,71.06395518926593,mua,62.8,True,True
rescue_luke0804_v2v1_g0_imec0,656,344,110.0,12.0,40.0,qualifying_transition,4142.903550183984,4194.953534752937,52.04998456895282,4159.296073138921,4175.441128074229,3.096234161513637,40.11906021905426,37.02282605754063,2.0,3.0,"[21792, 21793, 21796, 21797]",4000.0,3996.0,35.881062836493584,mua,64.3,True,True
rescue_luke0804_v2v1_g0_imec0,639,343,81.0,6.0,21.0,qualifying_transition,6728.280385019679,6925.794231538895,197.5138465192158,6785.421030753752,6868.886853746815,3.588165698346879,28.02297550862172,24.434809810274842,3.0,5.0,"[20128, 20129, 20133, 20134]",4000.0,3996.0,113.96465640370116,mua,65.7,True,True
rescue_luke0804_v2v1_g0_imec0,618,270,120.0,23.0,34.0,qualifying_transition,5995.604879318169,6114.905398227561,119.30051890939194,6023.423164740315,6075.170880990033,1.9638837341666382,17.277363497326785,15.313479763160148,3.0,5.0,"[18472, 18473, 18477, 18478]",4000.0,3996.0,67.52723585322747,mua,66.2,True,True
legacy_luke0804_v2v1_g0_imec0,491,319,65.0,1.0,34.0,qualifying_transition,3665.981276076154,3770.431213794084,104.44993771793042,3725.371300774754,3725.399200927291,3.810420778793457,27.0412491232266,23.230828344433142,0.0,3.0,"[23364, 23365, 23366, 23367]",4000.0,3996.0,104.4044374691698,mua,66.7,False,True
legacy_luke0804_v2v1_g0_imec0,416,271,88.0,23.0,41.0,qualifying_transition,7166.014444876742,7319.992853377943,153.97840850120065,7258.900019369701,7258.95268632431,3.810303914483778,24.973306001421044,21.163002086937265,0.0,5.0,"[19212, 19213, 19214, 19215]",4000.0,3996.0,153.90627477349608,mua,67.0,False,True
legacy_luke0804_v2v1_g0_imec0,395,185,42.0,1.0,21.0,qualifying_transition,489.617476848688,701.8822040142813,212.26472716559334,545.0836134278447,626.9502943447055,2.536364881349594,40.783341201806124,38.24697632045653,3.0,0.0,"[18064, 18065, 18069, 18070]",4000.0,3996.0,130.26537885674344,mua,68.0,False,True
legacy_luke0804_v2v1_g0_imec0,358,208,113.0,4.0,33.0,qualifying_transition,6445.011869660431,6856.389252086287,411.377382425856,6623.034976286063,6776.889317442294,2.151461890371389,17.854980580303994,15.703518689932606,3.0,5.0,"[14630, 14631, 14635, 14636]",4000.0,3996.0,257.44044081802986,mua,68.2,False,True
legacy_luke0804_v2v1_g0_imec0,509,385,93.0,5.0,45.0,qualifying_transition,4110.035503820328,4190.23167560414,80.19617178381213,4132.498093295015,4171.055437430006,2.158011270439133,23.14418322584131,20.986171955402178,5.0,3.0,"[26175, 26176, 26182, 26183]",4000.0,3996.0,41.624627571186466,mua,70.5,False,True
legacy_luke0804_v2v1_g0_imec0,519,192,38.0,9.0,14.0,qualifying_transition,10250.899743970707,10470.831379719675,219.9316357489679,10330.30371142336,10410.342615680687,4.041676107307206,19.70530000767701,15.663623900369805,2.0,7.0,"[27611, 27612, 27615, 27616]",4000.0,3996.0,139.8513645988096,mua,70.7,False,True
legacy_luke0804_v2v1_g0_imec0,370,191,82.0,1.0,72.0,qualifying_transition,3757.8566117125774,4128.5385383139055,370.6819266013281,3842.4125406654944,4034.7082586560314,4.2438013619113075,22.619341151205937,18.375539789294628,4.0,3.0,"[15787, 15788, 15793, 15794]",4000.0,3996.0,178.28960808265447,mua,70.7,False,True
rescue_luke0804_v2v1_g0_imec0,549,265,88.0,12.0,40.0,qualifying_transition,4204.790555200804,4334.1342956854105,129.34374048460631,4268.343802660678,4268.390636250062,0.6431752301605647,31.614661091739453,30.971485861578888,0.0,3.0,"[16626, 16627, 16628, 16629]",4000.0,3996.0,129.22133981541356,mua,72.7,True,True
rescue_luke0804_v2v1_g0_imec0,531,24,9.0,1.0,1.0,qualifying_transition,185.96491671195747,783.8640855609699,597.8991688490124,352.2717592821428,645.2784945490915,2.282967070538262,27.693210806958014,25.41024373641975,4.0,0.0,"[15669, 15670, 15675, 15676]",4000.0,3996.0,304.79039969088814,mua,72.7,True,True
legacy_luke0804_v2v1_g0_imec0,427,323,79.0,2.0,39.0,qualifying_transition,6502.490683910015,6698.6908232469,196.2001393368855,6611.325612268341,6611.356779105403,0.30145041041683635,24.375090396277386,24.07363998586055,0.0,5.0,"[20150, 20151, 20152, 20153]",4000.0,3996.0,196.12290558129826,mua,75.2,False,True
legacy_luke0804_v2v1_g0_imec0,480,297,136.0,14.0,56.0,qualifying_transition,7408.794838878338,7545.997622330097,137.2027834517594,7459.63055014192,7487.748003866353,3.722608664885462,28.009567420911537,24.286958756026074,1.0,5.0,"[22451, 22452, 22454, 22455]",4000.0,3996.0,108.97569579459923,mua,76.0,False,True
legacy_luke0804_v2v1_g0_imec0,462,86,26.0,12.0,4.0,qualifying_transition,6990.13078328127,7686.409223325182,696.2784400439123,7277.461954185301,7493.854937254329,0.20502154614343543,30.011124240554658,29.806102694411223,2.0,5.0,"[21387, 21388, 21391, 21392]",4000.0,3996.0,479.8273233237205,mua,87.6,False,True
legacy_luke0804_v2v1_g0_imec0,325,199,87.0,3.0,47.0,qualifying_transition,7015.842823854769,7243.887470626059,228.04464677129,7127.227632820531,7179.953854419958,3.7424203014812303,21.538735250681924,17.796314949200692,1.0,5.0,"[11959, 11960, 11962, 11963]",4000.0,3996.0,175.30765844633243,mua,114.8,False,True
rescue_luke0804_v2v1_g0_imec0,401,201,13.0,1.0,9.0,qualifying_transition,6685.370783756586,6993.221133510242,307.8503497536558,6781.438942316115,6884.296037992286,4.1450197886018,32.57209922023216,28.42707943163036,2.0,5.0,"[9112, 9113, 9116, 9117]",4000.0,3996.0,204.57451845482865,mua,131.2,True,True
legacy_luke0804_v2v1_g0_imec0,25,152,87.0,21.0,19.0,qualifying_transition,6551.41135137029,6765.842623714205,214.43127234391523,6640.178870015579,6670.74540379635,1.2237790177622767,30.284024292585976,29.0602452748237,1.0,5.0,"[1323, 1324, 1326, 1327]",4000.0,3996.0,183.83980509349294,mua,294.2,False,True
