representation,slot_id,input_start_frame,input_stop_frame_exclusive,retained_samples,centered_rms,centered_peak_abs,car_rms,car_peak_abs,highpass_rms,highpass_peak_abs
original,u278_pair_primary,738251,739305,150,41.099393108912366,201.66603088378906,6.33202190370537,206.79791259765625,5.922696183709473,191.00830078125
original,u278_pair_secondary,26830564,26831614,146,40.61194145833569,206.32476806640625,6.479793951732402,216.605712890625,5.86847427766654,214.3712921142578
original,u278_ordinary_primary,82397759,82398784,121,40.61290000956863,198.6721954345703,5.370285017275504,228.35220336914062,4.988927705363933,222.5200958251953
original,u278_ordinary_secondary,790748,791773,121,44.431219745787104,203.98731994628906,6.122535800033589,221.90048217773438,5.711450215379757,216.2062530517578
original,u278_q0_control,1093023,1094048,121,48.75068769680749,243.4273223876953,10.168354714752029,255.52586364746094,9.60292495314043,240.3807830810547
original,u271_pair_primary,731068,732116,144,40.88273653483981,184.4704132080078,5.986684826843521,160.1822509765625,5.5565302780164485,152.5582733154297
original,u271_pair_secondary,3622308,3623342,130,43.18805923563499,201.73403930664062,6.040232527924261,227.4555206298828,5.544043897249437,218.18031311035156
original,u271_ordinary_primary,4895936,4896961,121,46.20399376040944,244.80780029296875,8.914355812634154,254.43023681640625,8.527023358467813,240.62364196777344
original,u271_ordinary_secondary,1923612,1924637,121,49.67611662572226,212.34927368164062,7.631947843924733,243.67706298828125,7.239983679271382,230.4159698486328
original,u271_q0_control,1123901,1124926,121,41.7962597392069,251.83706665039062,10.27154524435881,259.1629333496094,9.68431908904936,245.77432250976562
original,u588_pair_primary,1893323,1894355,128,40.65887969186281,197.6027069091797,5.8321050872427405,173.19863891601562,5.382235756057618,171.06088256835938
original,u588_pair_secondary,26845323,26846360,133,43.963476498082265,198.154296875,6.150986065231721,217.83607482910156,5.677693592352972,214.28907775878906
original,u588_ordinary_primary,18943144,18944169,121,40.19890572703623,242.46340942382812,9.427610430207363,249.22633361816406,8.971677257972118,239.55604553222656
original,u588_ordinary_secondary,784561,785586,121,44.96637761464556,200.9580535888672,5.283068830573326,227.1707305908203,4.957401533373771,219.6251220703125
original,u588_q0_control,4411094,4412119,121,41.800449146954,183.3297576904297,6.952598437518914,134.60975646972656,6.494594052478655,133.39308166503906
original,u445_pair_primary,740888,741924,132,42.44024577032859,209.83108520507812,5.967563493405955,127.27799987792969,5.556465450253529,126.37545776367188
original,u445_pair_secondary,1895335,1896371,132,40.0627341348675,193.49903869628906,5.474897066897179,203.08494567871094,5.07027374281799,197.41357421875
original,u445_ordinary_primary,740202,741227,121,47.232220615083435,203.757080078125,6.713706957543557,233.94244384765625,6.229143334631295,225.55804443359375
original,u445_ordinary_secondary,1894058,1895083,121,41.35305749154803,201.44390869140625,5.981107017284678,216.89266967773438,5.557770270100336,212.5272216796875
original,u445_q0_control,1245671,1246696,121,46.330427025764706,215.2995147705078,7.613739932829845,242.09951782226562,7.226432965540723,224.10433959960938
corrected_A,u278_pair_primary,738251,739305,150,41.179842808656026,201.28842163085938,14.381103646338161,191.8206787109375,9.14032297376031,190.61053466796875
corrected_A,u278_pair_secondary,26830564,26831614,146,41.13876306366145,205.5238037109375,13.895401898873306,200.1076202392578,8.182995198728332,215.8919677734375
corrected_A,u278_ordinary_primary,82397759,82398784,121,40.71705707684819,215.48487854003906,13.887928288069988,213.32489013671875,8.269354033128947,212.8426971435547
corrected_A,u278_ordinary_secondary,790748,791773,121,44.83575936669887,211.49365234375,13.91760849869377,215.90341186523438,8.424645919830855,215.88323974609375
corrected_A,u278_q0_control,1093023,1094048,121,48.75068769680749,243.4273223876953,10.168354714752029,255.52586364746094,9.60292495314043,240.3807830810547
corrected_A,u271_pair_primary,731068,732116,144,40.81127785820512,192.40553283691406,12.319903072706389,160.90838623046875,8.168535037124467,152.8044891357422
corrected_A,u271_pair_secondary,3622308,3623342,130,41.833963645574265,201.73403930664062,12.235743090871086,227.29013061523438,9.704324818348766,218.0619354248047
corrected_A,u271_ordinary_primary,4895936,4896961,121,45.21917730441044,244.80780029296875,12.798996911590326,253.62925720214844,10.835280344619532,239.8650665283203
corrected_A,u271_ordinary_secondary,1923612,1924637,121,48.568769235882755,210.8751220703125,15.61778330571019,239.62925720214844,11.730062952304714,229.14126586914062
corrected_A,u271_q0_control,1123901,1124926,121,41.7962597392069,251.83706665039062,10.27154524435881,259.1629333496094,9.68431908904936,245.77432250976562
corrected_A,u588_pair_primary,1893323,1894355,128,41.36766798918661,199.75485229492188,12.872789566064963,175.47384643554688,7.1707671742403765,171.42799377441406
corrected_A,u588_pair_secondary,26845323,26846360,133,43.02988100057405,198.154296875,10.769695050709863,217.40887451171875,8.60015669929292,213.97206115722656
corrected_A,u588_ordinary_primary,18943144,18944169,121,39.560669468451664,242.46340942382812,11.672524141811675,248.6273193359375,10.169354238683715,238.85191345214844
corrected_A,u588_ordinary_secondary,784561,785586,121,44.0229923207572,200.9580535888672,10.522480845859205,226.90634155273438,8.29064338587708,219.35423278808594
corrected_A,u588_q0_control,4411094,4412119,121,41.800449146954,183.3297576904297,6.952598437518914,134.60975646972656,6.494594052478655,133.39308166503906
corrected_A,u445_pair_primary,740888,741924,132,41.31360029737758,209.83108520507812,11.24823962651436,155.55984497070312,8.908085158512563,126.1507568359375
corrected_A,u445_pair_secondary,1895335,1896371,132,39.43450021937091,193.49903869628906,8.871634033116704,203.01834106445312,7.201594548526538,197.44424438476562
corrected_A,u445_ordinary_primary,740202,741227,121,45.99324309909869,203.757080078125,12.592535601404018,233.6116943359375,10.253441597623041,225.3290557861328
corrected_A,u445_ordinary_secondary,1894058,1895083,121,40.69760438962923,201.44390869140625,9.36392909852257,216.44195556640625,7.6486148329034895,212.19345092773438
corrected_A,u445_q0_control,1245671,1246696,121,46.330427025764706,215.2995147705078,7.613739932829845,242.09951782226562,7.226432965540723,224.10433959960938
