probe,arm,noise_status,units,median_spikes,q10_spikes,q90_spikes,low_count_lt_1000_units,mixed_q_units,ordinary_interior_units
imec0,A,finite_pass,195,1077.0,139.20000000000002,20834.199999999997,94,109,178
imec0,A,finite_fail,434,12261.5,500.6,153265.3,80,298,376
imec0,A,undefined,24,218.5,148.20000000000002,995.2999999999995,21,5,18
imec0,REF,finite_pass,273,1168.0,212.60000000000002,37306.40000000001,126,135,257
imec0,REF,finite_fail,308,18817.0,1024.6,187824.40000000002,30,156,263
imec0,REF,undefined,5,2048.0,520.4,5693.8,2,1,4
imec1,A,finite_pass,135,688.0,148.0,12945.2,77,62,110
imec1,A,finite_fail,401,17702.0,437.0,358603.0,87,246,340
imec1,A,undefined,17,261.0,58.8,2749.2000000000016,14,3,15
imec1,REF,finite_pass,159,909.0,150.0,17312.800000000014,81,94,130
imec1,REF,finite_fail,287,46474.0,2181.0,385431.20000000007,11,155,242
imec1,REF,undefined,5,42.0,27.8,185.60000000000002,5,3,5
