probe,arm,state_persistence,units,all_primary_units,fraction_all_primary_units,state_eligible_units,fraction_state_eligible_units,full_session_finite_fail_units,fraction_full_session_failures
imec0,A,both_fail,194,653,0.29709035222052066,430,0.4511627906976744,434,0.4400921658986175
imec0,A,q0_only_fail,42,653,0.06431852986217458,430,0.09767441860465116,434,0.06451612903225806
imec0,A,displaced_only_fail,104,653,0.15926493108728942,430,0.24186046511627907,434,0.195852534562212
imec0,A,neither_fail,90,653,0.13782542113323124,430,0.20930232558139536,434,0.04377880184331797
imec0,A,state_unavailable,223,653,0.34150076569678406,430,0.0,434,0.2557603686635945
imec0,REF,both_fail,161,586,0.27474402730375425,418,0.38516746411483255,308,0.512987012987013
imec0,REF,q0_only_fail,64,586,0.10921501706484642,418,0.15311004784688995,308,0.17207792207792208
imec0,REF,displaced_only_fail,60,586,0.10238907849829351,418,0.14354066985645933,308,0.10064935064935066
imec0,REF,neither_fail,133,586,0.22696245733788395,418,0.3181818181818182,308,0.03896103896103896
imec0,REF,state_unavailable,168,586,0.28668941979522183,418,0.0,308,0.17532467532467533
imec1,A,both_fail,227,553,0.4104882459312839,378,0.6005291005291006,401,0.5586034912718204
imec1,A,q0_only_fail,29,553,0.05244122965641953,378,0.07671957671957672,401,0.057356608478802994
imec1,A,displaced_only_fail,70,553,0.12658227848101267,378,0.18518518518518517,401,0.13216957605985039
imec1,A,neither_fail,52,553,0.09403254972875226,378,0.13756613756613756,401,0.02743142144638404
imec1,A,state_unavailable,175,553,0.31645569620253167,378,0.0,401,0.22443890274314215
imec1,REF,both_fail,199,451,0.44124168514412415,332,0.5993975903614458,287,0.686411149825784
imec1,REF,q0_only_fail,34,451,0.07538802660753881,332,0.10240963855421686,287,0.09407665505226481
imec1,REF,displaced_only_fail,30,451,0.06651884700665188,332,0.09036144578313253,287,0.06620209059233449
imec1,REF,neither_fail,69,451,0.15299334811529933,332,0.20783132530120482,287,0.03832752613240418
imec1,REF,state_unavailable,119,451,0.2638580931263858,332,0.0,287,0.11498257839721254
