probe,arm,factor,stratum,units,spikes,finite_pass_units,finite_fail_units,undefined_units,finite_pass_prevalence_all_units,finite_fail_prevalence_all_units,undefined_prevalence_all_units,finite_only_failure_rate,failure_spikes,failure_spike_share
imec0,A,spike_count_stratum,0_to_99,13,886,11,1,1,0.8461538461538461,0.07692307692307693,0.07692307692307693,0.08333333333333333,74,0.0835214446952596
imec0,A,spike_count_stratum,100_to_999,182,79786,83,79,20,0.45604395604395603,0.4340659340659341,0.10989010989010989,0.4876543209876543,39091,0.4899481111974532
imec0,A,spike_count_stratum,1000_to_9999,207,753806,75,129,3,0.36231884057971014,0.6231884057971014,0.014492753623188406,0.6323529411764706,513830,0.6816475326542903
imec0,A,spike_count_stratum,ge_10000,251,23297455,26,225,0,0.10358565737051793,0.896414342629482,0.0,0.896414342629482,21919658,0.9408606219005466
imec0,A,q_activity_stratum,displaced_only_q0_fraction_lt_0.10,167,1347403,52,97,18,0.31137724550898205,0.5808383233532934,0.10778443113772455,0.6510067114093959,1154977,0.8571874932740984
imec0,A,q_activity_stratum,q0_dominant_displaced_fraction_lt_0.10,74,2601978,34,39,1,0.4594594594594595,0.527027027027027,0.013513513513513514,0.5342465753424658,2272736,0.8734647256817698
imec0,A,q_activity_stratum,mixed,412,20182552,109,298,5,0.2645631067961165,0.7233009708737864,0.012135922330097087,0.7321867321867321,19044940,0.9436338873300066
imec0,A,depth_stratum,inside_lt_100_um,37,1617333,8,27,2,0.21621621621621623,0.7297297297297297,0.05405405405405406,0.7714285714285715,1546450,0.9561729093513828
imec0,A,depth_stratum,inside_100_to_lt_200_um,44,2786977,9,31,4,0.20454545454545456,0.7045454545454546,0.09090909090909091,0.775,2620292,0.940191469107926
imec0,A,depth_stratum,inside_ge_200_um,572,19727623,178,376,18,0.3111888111888112,0.6573426573426573,0.03146853146853147,0.6787003610108303,18305911,0.9279329293752218
imec0,REF,spike_count_stratum,0_to_99,11,684,8,3,0,0.7272727272727273,0.2727272727272727,0.0,0.2727272727272727,260,0.38011695906432746
imec0,REF,spike_count_stratum,100_to_999,147,69399,118,27,2,0.8027210884353742,0.1836734693877551,0.013605442176870748,0.18620689655172415,15352,0.2212135621550743
imec0,REF,spike_count_stratum,1000_to_9999,203,770769,98,102,3,0.4827586206896552,0.5024630541871922,0.014778325123152709,0.51,435553,0.5650888917431811
imec0,REF,spike_count_stratum,ge_10000,225,22804585,49,176,0,0.21777777777777776,0.7822222222222223,0.0,0.7822222222222223,19136626,0.8391569502361038
imec0,REF,q_activity_stratum,displaced_only_q0_fraction_lt_0.10,97,238931,53,43,1,0.5463917525773195,0.44329896907216493,0.010309278350515464,0.4479166666666667,173922,0.7279172648170392
imec0,REF,q_activity_stratum,q0_dominant_displaced_fraction_lt_0.10,197,7730752,85,109,3,0.43147208121827413,0.5532994923857868,0.015228426395939087,0.5618556701030928,5633998,0.7287774850363845
imec0,REF,q_activity_stratum,mixed,292,15675754,135,156,1,0.4623287671232877,0.5342465753424658,0.003424657534246575,0.5360824742268041,13779871,0.8790563439564055
imec0,REF,depth_stratum,inside_lt_100_um,32,1638588,7,24,1,0.21875,0.75,0.03125,0.7741935483870968,1389931,0.8482492243321689
imec0,REF,depth_stratum,inside_100_to_lt_200_um,30,2563371,9,21,0,0.3,0.7,0.0,0.7,2002790,0.781311015845931
imec0,REF,depth_stratum,inside_ge_200_um,524,19443478,257,263,4,0.4904580152671756,0.5019083969465649,0.007633587786259542,0.5057692307692307,16195070,0.8329307133219684
imec1,A,spike_count_stratum,0_to_99,17,1040,6,8,3,0.35294117647058826,0.47058823529411764,0.17647058823529413,0.5714285714285714,572,0.55
imec1,A,spike_count_stratum,100_to_999,161,73369,71,79,11,0.4409937888198758,0.4906832298136646,0.06832298136645963,0.5266666666666666,41230,0.5619539587564231
imec1,A,spike_count_stratum,1000_to_9999,121,441113,39,79,3,0.32231404958677684,0.6528925619834711,0.024793388429752067,0.6694915254237288,316736,0.7180382351007565
imec1,A,spike_count_stratum,ge_10000,254,35130985,19,235,0,0.07480314960629922,0.9251968503937008,0.0,0.9251968503937008,34660722,0.9866140103956664
imec1,A,q_activity_stratum,displaced_only_q0_fraction_lt_0.10,129,253501,42,76,11,0.32558139534883723,0.5891472868217055,0.08527131782945736,0.6440677966101694,202061,0.7970816683168903
imec1,A,q_activity_stratum,q0_dominant_displaced_fraction_lt_0.10,113,4817412,31,79,3,0.2743362831858407,0.6991150442477876,0.02654867256637168,0.7181818181818181,4594390,0.9537050183791629
imec1,A,q_activity_stratum,mixed,311,30575594,62,246,3,0.19935691318327975,0.7909967845659164,0.00964630225080386,0.7987012987012987,30222809,0.9884618758346935
imec1,A,depth_stratum,inside_lt_100_um,51,3175484,14,36,1,0.27450980392156865,0.7058823529411765,0.0196078431372549,0.72,3012096,0.9485470561338051
imec1,A,depth_stratum,inside_100_to_lt_200_um,37,2931346,11,25,1,0.2972972972972973,0.6756756756756757,0.02702702702702703,0.6944444444444444,2892164,0.9866334441584174
imec1,A,depth_stratum,inside_ge_200_um,465,29539677,110,340,15,0.23655913978494625,0.7311827956989247,0.03225806451612903,0.7555555555555555,29115000,0.9856235056327799
imec1,REF,spike_count_stratum,0_to_99,13,834,8,1,4,0.6153846153846154,0.07692307692307693,0.3076923076923077,0.1111111111111111,89,0.10671462829736211
imec1,REF,spike_count_stratum,100_to_999,84,31864,73,10,1,0.8690476190476191,0.11904761904761904,0.011904761904761904,0.12048192771084337,4790,0.1503263871453678
imec1,REF,spike_count_stratum,1000_to_9999,119,459575,56,63,0,0.47058823529411764,0.5294117647058824,0.0,0.5294117647058824,271545,0.5908611216885166
imec1,REF,spike_count_stratum,ge_10000,235,34490585,22,213,0,0.09361702127659574,0.9063829787234042,0.0,0.9063829787234042,32908746,0.9541370782780286
imec1,REF,q_activity_stratum,displaced_only_q0_fraction_lt_0.10,35,82602,16,18,1,0.45714285714285713,0.5142857142857142,0.02857142857142857,0.5294117647058824,72893,0.8824604731120312
imec1,REF,q_activity_stratum,q0_dominant_displaced_fraction_lt_0.10,164,12689919,49,114,1,0.29878048780487804,0.6951219512195121,0.006097560975609756,0.6993865030674846,11840023,0.9330258924426547
imec1,REF,q_activity_stratum,mixed,252,22210337,94,155,3,0.373015873015873,0.6150793650793651,0.011904761904761904,0.6224899598393574,21272254,0.957763675535405
imec1,REF,depth_stratum,inside_lt_100_um,35,3033693,17,18,0,0.4857142857142857,0.5142857142857142,0.0,0.5142857142857142,2193316,0.7229854833696092
imec1,REF,depth_stratum,inside_100_to_lt_200_um,39,3192771,12,27,0,0.3076923076923077,0.6923076923076923,0.0,0.6923076923076923,3154654,0.9880614676091708
imec1,REF,depth_stratum,inside_ge_200_um,377,28756394,130,242,5,0.3448275862068966,0.6419098143236074,0.013262599469496022,0.6505376344086021,27837200,0.968035143766635
