state_um,state_exposure_s,events,units_with_events,events_per_exposure_hz,feature_events_original_time_excluding_crossings,boundary_crossing_events_from_original_state,ptp_q10,ptp_q25,ptp_median,ptp_q75,ptp_q90,observed_z_abs_q25_um,observed_z_abs_median_um,observed_z_abs_q75_um
-280,4.0,18825,1297,4706.25,18825,0,5.949597930908203,7.308891296386719,9.482963562011719,13.083441734313965,17.88969459533692,241.9987335205078,603.3994750976562,897.5589599609375
-240,113.25,582903,1754,5147.046357615894,582903,0,5.917322826385498,7.252058029174805,9.3671875,12.825911045074463,17.578080368041995,267.31956481933594,646.9223022460938,971.3460998535156
-200,437.25,2426079,1824,5548.493996569468,2426079,1,5.967202854156494,7.2976672649383545,9.41087532043457,12.89437198638916,17.739595794677737,291.7912139892578,678.416748046875,1000.6722106933594
-160,533.5,3180172,1848,5960.959700093721,3180172,0,6.042330884933472,7.389133334159851,9.51932954788208,13.012710571289062,17.867130851745603,310.8124084472656,704.8863220214844,1030.0284729003906
-120,278.0,1718147,1852,6180.384892086331,1718147,0,6.095046901702881,7.440258502960205,9.57502269744873,13.070830821990967,17.795578384399416,350.4357147216797,732.4244995117188,1075.4680786132812
-80,205.75,1325299,1852,6441.307411907655,1325298,0,6.195703077316284,7.5432562828063965,9.702821731567383,13.21540117263794,17.965703201293948,383.0628356933594,757.1295166015625,1119.1719970703125
-40,228.25,1510148,1862,6616.201533406353,1510148,0,6.2579918384552,7.578778386116028,9.730456352233887,13.22288727760315,17.967355728149414,426.8636245727539,820.2871704101562,1185.8343200683594
0,8657.303879363088,54416700,1870,6285.640513291466,54416700,0,6.301313400268555,7.547169089317322,9.666223526000977,13.269027709960938,18.255830955505374,542.9467620849609,963.2391052246094,1396.2390441894531
40,15.25,102340,1731,6710.819672131148,102340,0,6.336375904083252,7.5860689878463745,9.60736608505249,12.951892137527466,17.615443992614747,577.1752624511719,970.3048400878906,1291.5265502929688
80,1.0,6942,1152,6942.0,6942,0,6.735234928131104,8.17589282989502,10.45817518234253,14.232548713684082,19.047006797790534,624.7423248291016,1016.970458984375,1311.9766540527344
