consumer,status,affected_fields_or_decision,evidence,reason,cheapest_next_action,priority
"initial R1 imec0 producer packet (superseded/rejected)",affected,"sliding-RP fields; P; K; bootstrap P/K; verdict","earlier evaluator lines 98-133,288-359,473-490","7-sample counts are modeled with nominal 0.25-ms edges; packet already failed a separate histogram review.","Preserve as failed evidence; do not repair.",3
"R1c imec0 frozen result",affected_provenance_qualified,"all/q0/displaced SRP; P; K; R1-T and production-candidate reading","census CONTRACT executed_evaluator/inputs.imec0; HISTORICAL_DECISIONS imec0; SRP_AUDIT","Bound audit confirms mismatch, but exact R1c executed source remains absent.","Exact-source or explicitly reconstructed spike-time-only correction.",1
"R1c imec1 frozen result",affected_provenance_qualified,"all/q0/displaced SRP; P; K; R1-T and no-benefit reading","census CONTRACT executed_evaluator/inputs.imec1; HISTORICAL_DECISIONS imec1; SRP_AUDIT","Same bound evaluator and mismatch as imec0, with exact-source qualification.","Exact-source or explicitly reconstructed spike-time-only correction.",1
"R1c 9-29-sample short-interval guardrail",unaffected_implementation,"point/bootstrapped guardrail and pass","earlier evaluator lines 136-146; child review REVIEW.md finding 2","Direct inclusive sample counter; it does not consume sliding-RP time edges.","Require bit-for-bit equality as correction negative control.",3
"R1c Allen-like fields",unaffected_implementation,"ISI ratio; amplitude cutoff; presence; Allen-like pass/count","earlier evaluator lines 304-308,478","No sliding-RP consumer.","No defect-specific recalculation.",3
"post-sort structure census",affected,"SRP statuses; strict/through-displacement prevalence; joint patterns; missingness/failure partitions","census SOURCE lines 234-270,287-341","Derived directly from defective historical SRP fields.","Regenerate only after corrected compact R1 tables; preserve historical census.",2
"post-sort panel selection",affected,"two SRP-dependent categories; prevalence; anchors; candidates","selection SOURCE lines 76-124","strict_pass and srp_undefined_but_zero_pass_possible consume affected fields.","Repeat deterministic selection after corrected census.",2
"post-sort panel analysis membership/reporting",affected_upstream,"measured membership; copied strict labels; pattern routing","panel SOURCE lines 345-374,400-479","Local measurements do not implement SRP, but the panel was selected using affected categories.","Retain as historical-panel-only; rerun only if corrected membership changes the decision.",2
"post-sort panel direct interval/CCG/matching arithmetic",unaffected_conditional,"measurements conditional on historical selected units/pairs","child review REVIEW.md findings 3 and 4","Separate direct counters/matcher; validity is conditional on historical membership.","No standalone recomputation.",3
"D0 divergence inventory/comparison design",unaffected_implementation,"comparison choice and saved-output diagnostic design","D0 DECISION.md","Uses stage/event correspondence design, not SRP categories.","Retain.",3
"D1 adapter/matcher mechanics",unaffected_implementation,"clock, matching, ancestry, candidate-ranking implementation","D1 repaired contract SHA 24728da5...","Mechanics do not compute SRP.","Retain accepted engineering receipts.",3
"D1/D2 frozen scientific neighborhood membership",affected_upstream,"exact four anchors and category interpretation","D1 contract lines 36-42; D2 RUN_CONTRACT lines 46-57","Two anchor groups are SRP-derived; correct mechanics could otherwise answer an obsolete-category question.","Revise selection after correction or label any retained run historical-panel-only.",1
"D2 managed synthetic runner proof",unaffected_implementation,"managed lifecycle, fixtures, sealing, failure behavior","D2 RUN_CONTRACT SHA 6cdb5482... and accepted D2 review","Synthetic proof does not validate scientific anchor membership.","Retain; do not treat as selection validation.",3
"D3 production contract v1",affected_upstream_unlaunched,"exact four production anchors","D3 v1 RUN_CONTRACT SHA 9ae46338..., lines 1-18 and 56-60","It carried the same affected anchors and was nonexecuting when inspected.","Hold/revise selection or explicitly scope historical-panel-only; H5 child owns current contract review.",1
"later D3 revision/review",unknown_owner_routed,"current contract readiness and whether anchor hold was repaired","D3 v2 exists after reviewer snapshot; H5 native child is assigned","H1 must not duplicate the active H5-child review.","Await source-bound H5-child artifact; H1 fallback only on recorded capability/result failure.",1
"other historical refractory/duplicate analyses",unknown,"untraced results with similar terminology","bounded repository/shared search","Names alone do not prove reuse; many use direct 9-29 or 1.5-ms counters.","Require executed-source binding before classifying.",3
